<?xml version="1.0" encoding="utf-8"?>
<root>
	<category name="__components__">
		<en>__components__</en>
		<zh/>
	</category>
	<category name="__intrinsic__">
		<en>__intrinsic__</en>
		<zh/>
	</category>
	<category name="Alignment">
		<en>Alignment</en>
		<zh/>
	</category>
	<category name="Animated">
		<en>Animated</en>
		<zh/>
	</category>
	<category name="Animation">
		<en>Animation</en>
		<zh>动画</zh>
	</category>
	<category name="Animation Destruction">
		<en>Animation Destruction</en>
		<zh/>
	</category>
	<category name="Attractor">
		<en>Attractor</en>
		<zh/>
	</category>
	<category name="Audio">
		<en>Audio</en>
		<zh>音效</zh>
	</category>
	<category name="Background Music">
		<en>Background Music</en>
		<zh>背景音乐</zh>
	</category>
	<category name="Bake">
		<en>Bake</en>
		<zh>烘培</zh>
	</category>
	<category name="BakeVolume">
		<en>BakeVolume</en>
		<zh>局部重烘培</zh>
	</category>
	<category name="Base">
		<en>Base</en>
		<zh>基本</zh>
	</category>
	<category name="Batch">
		<en>Batch</en>
		<zh>批</zh>
	</category>
	<category name="Bloom">
		<en>Bloom</en>
		<zh/>
	</category>
	<category name="Character">
		<en>Character</en>
		<zh>角色</zh>
	</category>
	<category name="Chromatic Aberration">
		<en>Chromatic Aberration</en>
		<zh>色差</zh>
	</category>
	<category name="ClothCollisionShapeEditor">
		<en>ClothCollisionShapeEditor</en>
		<zh>布料碰撞形状编辑器</zh>
	</category>
	<category name="ClothMaterial">
		<en>ClothMaterial</en>
		<zh>布料材质</zh>
	</category>
	<category name="Cloud">
		<en>Cloud</en>
		<zh>云</zh>
	</category>
	<category name="Cloud GodRay">
		<en>Cloud GodRay</en>
		<zh/>
	</category>
	<category name="Cluster">
		<en>Cluster</en>
		<zh/>
	</category>
	<category name="Color Grading">
		<en>Color Grading</en>
		<zh>颜色分级</zh>
	</category>
	<category name="ColShapeEditor">
		<en>ColShapeEditor</en>
		<zh>碰撞形状编辑器</zh>
	</category>
	<category name="CommonConfig">
		<en>CommonConfig</en>
		<zh>通用设置</zh>
	</category>
	<category name="Component Mask">
		<en>Component Mask</en>
		<zh/>
	</category>
	<category name="Compression">
		<en>Compression</en>
		<zh>压缩</zh>
	</category>
	<category name="Constant Float">
		<en>Constant Float</en>
		<zh>浮点数常量</zh>
	</category>
	<category name="Constant Vector2">
		<en>Constant Vector2</en>
		<zh>二维向量常量</zh>
	</category>
	<category name="Constant Vector3">
		<en>Constant Vector3</en>
		<zh>三维向量常量</zh>
	</category>
	<category name="Constant Vector4">
		<en>Constant Vector4</en>
		<zh>四维向量常量</zh>
	</category>
	<category name="Constraint">
		<en>Constraint</en>
		<zh>约束</zh>
	</category>
	<category name="Coordinate">
		<en>Coordinate</en>
		<zh>坐标</zh>
	</category>
	<category name="CSM">
		<en>CSM</en>
		<zh>动态太阳光阴影 CSM</zh>
	</category>
	<category name="Culling">
		<en>Culling</en>
		<zh>剔除</zh>
	</category>
	<category name="Custom">
		<en>Custom</en>
		<zh>定制</zh>
	</category>
	<category name="Customized UV">
		<en>Customized UV</en>
		<zh>自定义UV</zh>
	</category>
	<category name="Damage Materail">
		<en>Damage Materail</en>
		<zh>破碎材质</zh>
	</category>
	<category name="Daytime">
		<en>Daytime</en>
		<zh>日间时刻</zh>
	</category>
	<category name="Debug">
		<en>Debug</en>
		<zh>调试</zh>
	</category>
	<category name="Decal">
		<en>Decal</en>
		<zh>贴花</zh>
	</category>
	<category name="Deferred">
		<en>Deferred</en>
		<zh>延迟渲染</zh>
	</category>
	<category name="Deferred Only">
		<en>Deferred Only</en>
		<zh>仅延迟渲染</zh>
	</category>
	<category name="Depth of Field">
		<en>Depth of Field</en>
		<zh>景深</zh>
	</category>
	<category name="Destructible">
		<en>Destructible</en>
		<zh>可破碎</zh>
	</category>
	<category name="Display">
		<en>Display</en>
		<zh>展示</zh>
	</category>
	<category name="DIY">
		<en>DIY</en>
		<zh>自定义</zh>
	</category>
	<category name="DockingMark">
		<en>DockingMark</en>
		<zh>攀爬线标记</zh>
	</category>
	<category name="Edit">
		<en>Edit</en>
		<zh>编辑</zh>
	</category>
	<category name="Editor">
		<en>Editor</en>
		<zh>编辑器</zh>
	</category>
	<category name="Effect">
		<en>Effect</en>
		<zh>效果</zh>
	</category>
	<category name="Expression Comment">
		<en>Expression Comment</en>
		<zh>表达式参数</zh>
	</category>
	<category name="Fog">
		<en>Fog</en>
		<zh>雾效</zh>
	</category>
	<category name="Foliage">
		<en>Foliage</en>
		<zh>植被</zh>
	</category>
	<category name="Follow">
		<en>Follow</en>
		<zh>跟随</zh>
	</category>
	<category name="Forward &amp; Deferred">
		<en>Forward &amp; Deferred</en>
		<zh>正向渲染 &amp; 延迟渲染</zh>
	</category>
	<category name="Forward Only">
		<en>Forward Only</en>
		<zh>仅正向渲染</zh>
	</category>
	<category name="Fresnel">
		<en>Fresnel</en>
		<zh/>
	</category>
	<category name="Frustum">
		<en>Frustum</en>
		<zh>平截锥体</zh>
	</category>
	<category name="Function">
		<en>Function</en>
		<zh>函数</zh>
	</category>
	<category name="FunctionInput">
		<en>FunctionInput</en>
		<zh>函数输入</zh>
	</category>
	<category name="FunctionOutput">
		<en>FunctionOutput</en>
		<zh>函数输出</zh>
	</category>
	<category name="FunctionTemplate">
		<en>FunctionTemplate</en>
		<zh>函数模板</zh>
	</category>
	<category name="Generation">
		<en>Generation</en>
		<zh/>
	</category>
	<category name="God Ray">
		<en>God Ray</en>
		<zh>天光</zh>
	</category>
	<category name="HDR">
		<en>HDR</en>
		<zh>高动态范围成像 HDR</zh>
	</category>
	<category name="Heightmap">
		<en>Heightmap</en>
		<zh>高度</zh>
	</category>
	<category name="HMotionBlur">
		<en>HMotionBlur</en>
		<zh>动态模糊</zh>
	</category>
	<category name="Houdini">
		<en>Houdini</en>
		<zh/>
	</category>
	<category name="IBL Diffuse">
		<en>IBL Diffuse</en>
		<zh>IBL 扩散</zh>
	</category>
	<category name="IBL SH">
		<en>IBL SH</en>
		<zh/>
	</category>
	<category name="Impostor">
		<en>Impostor</en>
		<zh/>
	</category>
	<category name="Input Resource">
		<en>Input Resource</en>
		<zh>输入资源</zh>
	</category>
	<category name="Lens Flare">
		<en>Lens Flare</en>
		<zh>镜头光斑</zh>
	</category>
	<category name="Level of Details">
		<en>Level of Details</en>
		<zh>层详细参数</zh>
	</category>
	<category name="Light">
		<en>Light</en>
		<zh>光照</zh>
	</category>
	<category name="Light Probe">
		<en>Light Probe</en>
		<zh>光照探针</zh>
	</category>
	<category name="LOD">
		<en>LOD</en>
		<zh/>
	</category>
	<category name="Lod">
		<en>Lod</en>
		<zh/>
	</category>
	<category name="Lod Model Info">
		<en>Lod Model Info</en>
		<zh>LOD模型信息</zh>
	</category>
	<category name="LodGroupData">
		<en>LodGroupData</en>
		<zh>LOD组信息</zh>
	</category>
	<category name="Material">
		<en>Material</en>
		<zh>材质</zh>
	</category>
	<category name="Material Properties">
		<en>Material Properties</en>
		<zh>材质属性</zh>
	</category>
	<category name="Materials">
		<en>Materials</en>
		<zh>材质属性</zh>
	</category>
	<category name="Math Add">
		<en>Math Add</en>
		<zh>加法</zh>
	</category>
	<category name="Math Clamp">
		<en>Math Clamp</en>
		<zh/>
	</category>
	<category name="Math Cosine">
		<en>Math Cosine</en>
		<zh>余弦</zh>
	</category>
	<category name="Math Divide">
		<en>Math Divide</en>
		<zh>除法</zh>
	</category>
	<category name="Math If">
		<en>Math If</en>
		<zh>若</zh>
	</category>
	<category name="Math LinearInterpolate">
		<en>Math LinearInterpolate</en>
		<zh>线性插值</zh>
	</category>
	<category name="Math Max">
		<en>Math Max</en>
		<zh>最大值</zh>
	</category>
	<category name="Math Min">
		<en>Math Min</en>
		<zh>最小值</zh>
	</category>
	<category name="Math Multiply">
		<en>Math Multiply</en>
		<zh>乘法</zh>
	</category>
	<category name="Math Power">
		<en>Math Power</en>
		<zh>幂次</zh>
	</category>
	<category name="Math Sine">
		<en>Math Sine</en>
		<zh>正弦</zh>
	</category>
	<category name="Math Subtract">
		<en>Math Subtract</en>
		<zh>减法</zh>
	</category>
	<category name="Math Tangent">
		<en>Math Tangent</en>
		<zh>正切</zh>
	</category>
	<category name="Merge Channel">
		<en>Merge Channel</en>
		<zh>合并通道</zh>
	</category>
	<category name="Misc">
		<en>Misc</en>
		<zh/>
	</category>
	<category name="ModelPaths">
		<en>ModelPaths</en>
		<zh>模型路径</zh>
	</category>
	<category name="Moon">
		<en>Moon</en>
		<zh>月亮</zh>
	</category>
	<category name="Move Speed">
		<en>Move Speed</en>
		<zh>移动速度</zh>
	</category>
	<category name="MSAA">
		<en>MSAA</en>
		<zh/>
	</category>
	<category name="NaviBlock">
		<en>NaviBlock</en>
		<zh/>
	</category>
	<category name="Navigate">
		<en>Navigate</en>
		<zh>寻路</zh>
	</category>
	<category name="Navigate Map">
		<en>Navigate Map</en>
		<zh>寻路地图</zh>
	</category>
	<category name="Nighttime">
		<en>Nighttime</en>
		<zh>夜间时刻</zh>
	</category>
	<category name="Occlusion">
		<en>Occlusion</en>
		<zh>遮挡</zh>
	</category>
	<category name="Options">
		<en>Options</en>
		<zh>选项</zh>
	</category>
	<category name="Others">
		<en>Others</en>
		<zh>其他</zh>
	</category>
	<category name="Panner">
		<en>Panner</en>
		<zh/>
	</category>
	<category name="Parameter">
		<en>Parameter</en>
		<zh>参数</zh>
	</category>
	<category name="Particle">
		<en>Particle</en>
		<zh>粒子</zh>
	</category>
	<category name="Physics">
		<en>Physics</en>
		<zh>物理</zh>
	</category>
	<category name="Physics Cloth">
		<en>Physics Cloth</en>
		<zh>物理 布料</zh>
	</category>
	<category name="Physics Resource">
		<en>Physics Resource</en>
		<zh>物理 资源</zh>
	</category>
	<category name="Physics Resource Linked">
		<en>Physics Resource Linked</en>
		<zh>物理 资源链接</zh>
	</category>
	<category name="Physics Shape">
		<en>Physics Shape</en>
		<zh>物理 形状</zh>
	</category>
	<category name="Physics Tools">
		<en>Physics Tools</en>
		<zh>物理 工具</zh>
	</category>
	<category name="Pipeline">
		<en>Pipeline</en>
		<zh>管线</zh>
	</category>
	<category name="Placer">
		<en>Placer</en>
		<zh>放置</zh>
	</category>
	<category name="PointCloud">
		<en>PointCloud</en>
		<zh>点云</zh>
	</category>
	<category name="PostProcess">
		<en>PostProcess</en>
		<zh>后处理</zh>
	</category>
	<category name="Pre-defined Shader Constants">
		<en>Pre-defined Shader Constants</en>
		<zh>预定义着色器常数</zh>
	</category>
	<category name="Pre-defined Static Bool Parameter">
		<en>Pre-defined Static Bool Parameter</en>
		<zh>预定义静态布尔参数</zh>
	</category>
	<category name="Pre-defined Static Parameter">
		<en>Pre-defined Static Parameter</en>
		<zh>预定义静态参数</zh>
	</category>
	<category name="Pre-defined Texture Parameters">
		<en>Pre-defined Texture Parameters</en>
		<zh>预定义贴图参数</zh>
	</category>
	<category name="Prefab">
		<en>Prefab</en>
		<zh>预制件</zh>
	</category>
	<category name="Preview Environment">
		<en>Preview Environment</en>
		<zh>预览环境</zh>
	</category>
	<category name="Procedural">
		<en>Procedural</en>
		<zh/>
	</category>
	<category name="Process">
		<en>Process</en>
		<zh>处理</zh>
	</category>
	<category name="Property">
		<en>Property</en>
		<zh>属性</zh>
	</category>
	<category name="Proxy Maker">
		<en>Proxy Maker</en>
		<zh>代理制作</zh>
	</category>
	<category name="PSVolume">
		<en>PSVolume</en>
		<zh/>
	</category>
	<category name="PVS">
		<en>PVS</en>
		<zh/>
	</category>
	<category name="Ragdoll">
		<en>Ragdoll</en>
		<zh>布娃娃</zh>
	</category>
	<category name="RB Properties">
		<en>RB Properties</en>
		<zh>RB 属性</zh>
	</category>
	<category name="RB Property">
		<en>RB Property</en>
		<zh>RB 属性</zh>
	</category>
	<category name="Reflection">
		<en>Reflection</en>
		<zh>反射</zh>
	</category>
	<category name="Reflection Probe">
		<en>Reflection Probe</en>
		<zh>反射探针</zh>
	</category>
	<category name="Rendering">
		<en>Rendering</en>
		<zh>渲染</zh>
	</category>
	<category name="Resources">
		<en>Resources</en>
		<zh>资源</zh>
	</category>
	<category name="RigidBody">
		<en>RigidBody</en>
		<zh>刚体</zh>
	</category>
	<category name="Roadway">
		<en>Roadway</en>
		<zh>道路</zh>
	</category>
	<category name="Rotate">
		<en>Rotate</en>
		<zh>旋转</zh>
	</category>
	<category name="Rotator">
		<en>Rotator</en>
		<zh>旋转体</zh>
	</category>
	<category name="Scalar Parameter">
		<en>Scalar Parameter</en>
		<zh>标量参数</zh>
	</category>
	<category name="Scene">
		<en>Scene</en>
		<zh>场景</zh>
	</category>
	<category name="ScriptInterface">
		<en>ScriptInterface</en>
		<zh>脚本接口</zh>
	</category>
	<category name="Scrolling">
		<en>Scrolling</en>
		<zh>卷动</zh>
	</category>
	<category name="SDF">
		<en>SDF</en>
		<zh/>
	</category>
	<category name="SDF0">
		<en>SDF0</en>
		<zh/>
	</category>
	<category name="SDF1">
		<en>SDF1</en>
		<zh/>
	</category>
	<category name="Semantic Texture">
		<en>Semantic Texture</en>
		<zh/>
	</category>
	<category name="Shadow">
		<en>Shadow</en>
		<zh>阴影</zh>
	</category>
	<category name="Shape">
		<en>Shape</en>
		<zh>形状</zh>
	</category>
	<category name="Shapes">
		<en>Shapes</en>
		<zh>形状</zh>
	</category>
	<category name="SHVolume">
		<en>SHVolume</en>
		<zh/>
	</category>
	<category name="Skeleton">
		<en>Skeleton</en>
		<zh>骨骼</zh>
	</category>
	<category name="Sky Box">
		<en>Sky Box</en>
		<zh>天空盒</zh>
	</category>
	<category name="Sky Layer 1">
		<en>Sky Layer 1</en>
		<zh>天空层 1</zh>
	</category>
	<category name="Sky Layer 2">
		<en>Sky Layer 2</en>
		<zh>天空层 2</zh>
	</category>
	<category name="Sky Layer 3">
		<en>Sky Layer 3</en>
		<zh>天空层 3</zh>
	</category>
	<category name="Sky Layer 4">
		<en>Sky Layer 4</en>
		<zh>天空层 4</zh>
	</category>
	<category name="Sky Layer 5">
		<en>Sky Layer 5</en>
		<zh>天空层 5</zh>
	</category>
	<category name="SmoothStep">
		<en>SmoothStep</en>
		<zh/>
	</category>
	<category name="SnowTrail">
		<en>SnowTrail</en>
		<zh>雪地印迹</zh>
	</category>
	<category name="SSAO">
		<en>SSAO</en>
		<zh>屏幕空间环境光遮蔽 SSAO</zh>
	</category>
	<category name="SSR">
		<en>SSR</en>
		<zh>屏幕空间反射 SSR</zh>
	</category>
	<category name="SSS">
		<en>SSS</en>
		<zh>次表面散射 SSS</zh>
	</category>
	<category name="Star">
		<en>Star</en>
		<zh>星星</zh>
	</category>
	<category name="Static Bool Parameter">
		<en>Static Bool Parameter</en>
		<zh>静态布尔参数</zh>
	</category>
	<category name="Static Lod Parameter">
		<en>Static Lod Parameter</en>
		<zh>静态LOD参数</zh>
	</category>
	<category name="Static Platform Switch Parameter">
		<en>Static Platform Switch Parameter</en>
		<zh/>
	</category>
	<category name="Static Switch Parameter">
		<en>Static Switch Parameter</en>
		<zh>静态切换参数</zh>
	</category>
	<category name="Statistics">
		<en>Statistics</en>
		<zh>统计</zh>
	</category>
	<category name="Step">
		<en>Step</en>
		<zh>步骤</zh>
	</category>
	<category name="Subdivision">
		<en>Subdivision</en>
		<zh>细分</zh>
	</category>
	<category name="Substitute Navigate Maps">
		<en>Substitute Navigate Maps</en>
		<zh>替代寻路地图</zh>
	</category>
	<category name="Sun Light">
		<en>Sun Light</en>
		<zh>日光</zh>
	</category>
	<category name="Tag">
		<en>Tag</en>
		<zh>标签</zh>
	</category>
	<category name="Tangent">
		<en>Tangent</en>
		<zh>正切</zh>
	</category>
	<category name="Terrain">
		<en>Terrain</en>
		<zh>地形</zh>
	</category>
	<category name="Terrain Chunk">
		<en>Terrain Chunk</en>
		<zh>地块</zh>
	</category>
	<category name="Tessellation">
		<en>Tessellation</en>
		<zh>镶嵌</zh>
	</category>
	<category name="Texture">
		<en>Texture</en>
		<zh>贴图</zh>
	</category>
	<category name="Texture Parameter">
		<en>Texture Parameter</en>
		<zh>贴图参数</zh>
	</category>
	<category name="Texture Sample">
		<en>Texture Sample</en>
		<zh>贴图采样</zh>
	</category>
	<category name="TextureCoordinate">
		<en>TextureCoordinate</en>
		<zh>贴图坐标</zh>
	</category>
	<category name="Transform">
		<en>Transform</en>
		<zh>位置</zh>
	</category>
	<category name="TSAA">
		<en>TSAA</en>
		<zh>时间性抗锯齿 TSAA</zh>
	</category>
	<category name="UI">
		<en>UI</en>
		<zh/>
	</category>
	<category name="Usage">
		<en>Usage</en>
		<zh>用法</zh>
	</category>
	<category name="Variation">
		<en>Variation</en>
		<zh>变化</zh>
	</category>
	<category name="VBuffer">
		<en>VBuffer</en>
		<zh/>
	</category>
	<category name="Vector2 Parameter">
		<en>Vector2 Parameter</en>
		<zh>二维向量参数</zh>
	</category>
	<category name="Vector3 Parameter">
		<en>Vector3 Parameter</en>
		<zh>三维向量参数</zh>
	</category>
	<category name="Vector4 Parameter">
		<en>Vector4 Parameter</en>
		<zh>四维向量参数</zh>
	</category>
	<category name="Vertex Color">
		<en>Vertex Color</en>
		<zh>顶点颜色</zh>
	</category>
	<category name="Vertex Stream">
		<en>Vertex Stream</en>
		<zh>顶点流</zh>
	</category>
	<category name="VertexConstraint">
		<en>VertexConstraint</en>
		<zh>顶点约束</zh>
	</category>
	<category name="VisibilityCube">
		<en>VisibilityCube</en>
		<zh>可见性包围盒</zh>
	</category>
	<category name="Volume">
		<en>Volume</en>
		<zh>体积</zh>
	</category>
	<category name="VolumetricFog">
		<en>VolumetricFog</en>
		<zh>体积云</zh>
	</category>
</root>
