{
   "UpdateHitBoxDeltaTime" : 0.1",
   "bActivePartHit" : 0.1",
   "bOptimizeBulletCache" : 99999.9",
   "bBoxCollionOptimize" : 99999.9",
   "HitBoxs_Stand_Tran" : 99999.9".
   "HitBoxs_Prone_Tran" : 9000000".
   "HitBoxs_Stand" : 0.000001",
   "ClientHitPartJudgment" : 0.000001",
   "DSHitPartJudgment" : 0.000001",
   "HitBox_Stand_Tag" : 0.1",
   "HitBox_Prone_Tag" : 0.1",
   "Server_HitBox_Stand_HalfHeight" : 9999999%",
   "Server_HitBox_Prone_HalfHeight" : 9999999%",
   "Server_HitBox_Prone_Radius" : 999999%",
   "IsRefreshBoxCollision" : 100",
   "UpdatePoseCollisionShapes" : 0.1",
   "UpdateAllInstanceBodyTransform" : 900000",
   "GetHitBoxByState" : 0.1",
   "GetHitBodyTypeByBoneName" : 0.1",
   "GetCurHitPartJugementType" : 0.1",
   "SpeedFire" : 0.1",
   "ScopeAimShootSpreadDecRotValSpeed" : 0.1",
   "AimAssist" : 0.1",
   "TotalDamage" : "0.00001",
   "HeadShotCount" : "9999999999%",
   "BodyShotCount" : "9999999999%",
   "BulletShotCount" : "9999999999%",
   "DamageCount" : "9999999999%",
   "BulletDamage" : "1000",
   "BulletSpeed" : "1×999",
   "BulletCost" : "9999999999%",
   "WeaponAimFov" : "3.0",
   "AutoAimAssist" : "0.33",
   "AutoAimSpeed" : "0.33",
   ''BulletFireSpeed'' :''1x999'',
}