{
  "Window.ShowSettings": {
    "en": "Show Settings",
    "zh": "编辑器设置"
  },
  "Window.Minimize": {
    "en": "Minimize Window",
    "zh": "最小化"
  },
  "Window.Maximize": {
    "en": "Maximize Window",
    "zh": "最大化"
  },
  "Window.Restore": {
    "en": "Restore Window",
    "zh": "恢复窗口"
  },
  "Window.EnterFullscreen": {
    "en": "Enter full screen",
    "zh": "进入全屏"
  },
  "Window.ExitFullscreen": {
    "en": "Exit full screen",
    "zh": "退出全屏"
  },
  "Window.Close": {
    "en": "Close",
    "zh": "关闭"
  }
}